"company_name","domain","Recent Signal","Why Now","Likely GTM Problem","Primary Persona","Total Score","Priority Tier","Recommended GTM Action","Description","country","employee_count","business_model","industry","source","research_status","Enrich company","Employee Count","Industry","Url","Country","Founded","Annual Revenue","GTM Intelligence Brief","GTM Intelligence Brief Response","gtm_intelligence_json","ICP Fit Value","ICP Fit Reason","Signal Evidence","Confidence Level","Uncertainty Notes","ICP Fit Score","Confidence Score","Signal Score","Timing Score","GTM Job Signal Lookup","GTM Job Signal Summary","Latest Job Post Date","Review Status","Review Reason"
"Hightouch","hightouch.com","Funding: Hightouch announced a $150M Series D financing in 2026 at a $2.75B valuation to expand its AI-driven marketing platform capabilities.","The recent Series D suggests Hightouch is entering a new scaling phase with fresh capital earmarked for AI-driven campaign orchestration, decisioning, and cross-channel execution. That is reinforced by broad GTM hiring across sales, marketing, partnerships, and customer success, which indicates active expansion rather than maintenance. Inference: companies in this posture often face pressure to convert funding into repeatable pipeline, clearer forecasting, and tighter cross-functional GTM execution quickly.","Hypothesis: Hightouch's most likely near-term GTM challenge is scaling pipeline generation and revenue execution in a coordinated way as it expands its platform and sales coverage after a major funding event. Inference: the combination of aggressive multi-region sales hiring and new marketing/partner roles can create forecasting, handoff, and prioritization complexity across the revenue org.","CRO",100,"P1","Research buyer and prepare personalized outreach","Hightouch is an Agentic Marketing Platform powered by the industry-leading Composable CDP. With complete brand context, customer data, and performance history in one place, Hightouch gives every marketer the power to build and ship end-to-end campaigns themselves. Teams move faster, stay on brand, and get AI marketing that actually works.",,,,,,,"Hightouch",629,"Software Development","https://www.linkedin.com/company/hightouchio","US",,"200M-500M","{""company_name"":""Hightouch"",""domain"":""hightouch.com"",""icp_fit"":""Strong"",""icp_fit_reason"":""Confirmed B2B SaaS/software company: Hightouch describes its...","{""company_name"":""Hightouch"",""domain"":""hightouch.com"",""icp_fit"":""Strong"",""icp_fit_reason"":""Confirmed B2B SaaS/software company: Hightouch describes itself as an \""Agentic Marketing Platform\"" and \""Composable CDP\"" serving brands and integrating with 300+ business tools (Hightouch Careers/About content). Confirmed headcount fits the ICP: LinkedIn company profile snippet lists Hightouch at 201-500 employees. Confirmed geography fit: LinkedIn snippet lists headquarters in San Francisco, CA, and the careers page shows operations and hiring across North America, EMEA, APAC, and additional global locations. Confirmed GTM motion: Hightouch is actively hiring across Sales, Marketing, Customer Success, Partnerships, and GTM-related finance roles."",""recent_signal"":""Funding: Hightouch announced a $150M Series D financing in 2026 at a $2.75B valuation to expand its AI-driven marketing platform capabilities."",""signal_evidence"":""Goldman Sachs Alternatives / Business Wire press release, \""Hightouch Raises $150 Million to Reinvent How Marketing Works Using AI\"" (page dated May 1, 2026; release text dated March 5, 2026), stating a $150M Series D led by Growth Equity at Goldman Sachs Alternatives and Bain Capital Ventures at a $2.75B valuation. Supporting hiring evidence from Hightouch Careers shows open roles including RVP, Mid-Market Sales; multiple Enterprise and Mid-Market Account Executives; SDRs across regions; Growth Marketing Manager, Ad Studio; Field Marketing Manager (APAC); ISV Partner Sales Manager; and multiple Customer Success/TAM roles."",""why_now"":""The recent Series D suggests Hightouch is entering a new scaling phase with fresh capital earmarked for AI-driven campaign orchestration, decisioning, and cross-channel execution. That is reinforced by broad GTM hiring across sales, marketing, partnerships, and customer success, which indicates active expansion rather than maintenance. Inference: companies in this posture often face pressure to convert funding into repeatable pipeline, clearer forecasting, and tighter cross-functional GTM execution quickly."",""likely_gtm_problem"":""Hypothesis: Hightouch's most likely near-term GTM challenge is scaling pipeline generation and revenue execution in a coordinated way as it expands its platform and sales coverage after a major funding event. Inference: the combination of aggressive multi-region sales hiring and new marketing/partner roles can create forecasting, handoff, and prioritization complexity across the revenue org."",""primary_persona"":""CRO"",""confidence"":""High"",""uncertainty_notes"":""LinkedIn data was available via Google result snippets rather than a directly visited LinkedIn page, so headcount and follower/employee counts could be somewhat outdated. I did not directly verify Crunchbase or a standalone newsroom page beyond the Goldman Sachs/Business Wire release and Hightouch careers content. The exact strongest buying trigger could shift if some listed roles were posted earlier or remain open for an extended period; however, the funding event and broad GTM hiring are both high-confidence public signals.""}","{""company_name"":""Hightouch"",""domain"":""hightouch.com"",""icp_fit"":""Strong"",""icp_fit_reason"":""Confirmed B2B SaaS/software company: Hightouch describes itself as an \""Agentic Marketing Platform\"" and \""Composable CDP\"" serving brands and integrating with 300+ business tools (Hightouch Careers/About content). Confirmed headcount fits the ICP: LinkedIn company profile snippet lists Hightouch at 201-500 employees. Confirmed geography fit: LinkedIn snippet lists headquarters in San Francisco, CA, and the careers page shows operations and hiring across North America, EMEA, APAC, and additional global locations. Confirmed GTM motion: Hightouch is actively hiring across Sales, Marketing, Customer Success, Partnerships, and GTM-related finance roles."",""recent_signal"":""Funding: Hightouch announced a $150M Series D financing in 2026 at a $2.75B valuation to expand its AI-driven marketing platform capabilities."",""signal_evidence"":""Goldman Sachs Alternatives / Business Wire press release, \""Hightouch Raises $150 Million to Reinvent How Marketing Works Using AI\"" (page dated May 1, 2026; release text dated March 5, 2026), stating a $150M Series D led by Growth Equity at Goldman Sachs Alternatives and Bain Capital Ventures at a $2.75B valuation. Supporting hiring evidence from Hightouch Careers shows open roles including RVP, Mid-Market Sales; multiple Enterprise and Mid-Market Account Executives; SDRs across regions; Growth Marketing Manager, Ad Studio; Field Marketing Manager (APAC); ISV Partner Sales Manager; and multiple Customer Success/TAM roles."",""why_now"":""The recent Series D suggests Hightouch is entering a new scaling phase with fresh capital earmarked for AI-driven campaign orchestration, decisioning, and cross-channel execution. That is reinforced by broad GTM hiring across sales, marketing, partnerships, and customer success, which indicates active expansion rather than maintenance. Inference: companies in this posture often face pressure to convert funding into repeatable pipeline, clearer forecasting, and tighter cross-functional GTM execution quickly."",""likely_gtm_problem"":""Hypothesis: Hightouch's most likely near-term GTM challenge is scaling pipeline generation and revenue execution in a coordinated way as it expands its platform and sales coverage after a major funding event. Inference: the combination of aggressive multi-region sales hiring and new marketing/partner roles can create forecasting, handoff, and prioritization complexity across the revenue org."",""primary_persona"":""CRO"",""confidence"":""High"",""uncertainty_notes"":""LinkedIn data was available via Google result snippets rather than a directly visited LinkedIn page, so headcount and follower/employee counts could be somewhat outdated. I did not directly verify Crunchbase or a standalone newsroom page beyond the Goldman Sachs/Business Wire release and Hightouch careers content. The exact strongest buying trigger could shift if some listed roles were posted earlier or remain open for an extended period; however, the funding event and broad GTM hiring are both high-confidence public signals.""}","Strong","Confirmed B2B SaaS/software company: Hightouch describes itself as an ""Agentic Marketing Platform"" and ""Composable CDP"" serving brands and integrating with 300+ business tools (Hightouch Careers/About content). Confirmed headcount fits the ICP: LinkedIn company profile snippet lists Hightouch at 201-500 employees. Confirmed geography fit: LinkedIn snippet lists headquarters in San Francisco, CA, and the careers page shows operations and hiring across North America, EMEA, APAC, and additional global locations. Confirmed GTM motion: Hightouch is actively hiring across Sales, Marketing, Customer Success, Partnerships, and GTM-related finance roles.","Goldman Sachs Alternatives / Business Wire press release, ""Hightouch Raises $150 Million to Reinvent How Marketing Works Using AI"" (page dated May 1, 2026; release text dated March 5, 2026), stating a $150M Series D led by Growth Equity at Goldman Sachs Alternatives and Bain Capital Ventures at a $2.75B valuation. Supporting hiring evidence from Hightouch Careers shows open roles including RVP, Mid-Market Sales; multiple Enterprise and Mid-Market Account Executives; SDRs across regions; Growth Marketing Manager, Ad Studio; Field Marketing Manager (APAC); ISV Partner Sales Manager; and multiple Customer Success/TAM roles.","High","LinkedIn data was available via Google result snippets rather than a directly visited LinkedIn page, so headcount and follower/employee counts could be somewhat outdated. I did not directly verify Crunchbase or a standalone newsroom page beyond the Goldman Sachs/Business Wire release and Hightouch careers content. The exact strongest buying trigger could shift if some listed roles were posted earlier or remain open for an extended period; however, the funding event and broad GTM hiring are both high-confidence public signals.",40,20,30,10,"✅ 1 Record Returned","Job Title: Go-to-Market Engineer
Post Date: 2026-08-09T16:19:38.000Z
Job URL: https://www.linkedin.com/jobs/view/ai-operations-gtm-at-hightouch-4384107131","2026-08-09T16:19:38.000Z","Auto-Approved","No manual review required"
"Attio","attio.com","Hiring: Attio is hiring a Demand Generation Lead in New York to own demand generation strategy, build and scale ABM, and generate qualified pipeline across mid-market and enterprise accounts.","Attio raised a $52M Series B on Aug. 26, 2025, bringing total funding to $116M, and said it was on track to 4x ARR that year according to PR Newswire. In that context, the 2026 Demand Generation Lead hire looks timely because the role is explicitly focused on pipeline creation, ABM, and sales handoff for mid-market and enterprise growth. Inference: this suggests Attio is investing in a more scaled and coordinated GTM motion rather than relying only on earlier-stage growth channels.","Hypothesis: Attio’s most likely near-term GTM problem is scaling repeatable pipeline generation and marketing-to-sales conversion as it expands into a more structured mid-market and enterprise motion. The strongest evidence is the Demand Generation Lead mandate covering ABM, pipeline creation, lead scoring, nurture, and handoff processes; however, this remains an inference rather than a confirmed internal pain point.","VP of Marketing",92,"P1","Research buyer and prepare personalized outreach","Attio is the agentic CRM that meets you where you work, compounds every customer signal into context, then acts on it across your pipeline to let you move at unmatched speed and scale.",,,,,,,"Attio",196,"Software Development","https://www.linkedin.com/company/attio","GB","2019","10M-25M","{""company_name"":""Attio"",""domain"":""attio.com"",""icp_fit"":""Strong"",""icp_fit_reason"":""Attio appears to fit the ICP on all four criteria with confirmed evi...","{""company_name"":""Attio"",""domain"":""attio.com"",""icp_fit"":""Strong"",""icp_fit_reason"":""Attio appears to fit the ICP on all four criteria with confirmed evidence. LinkedIn shows Attio as a software development company with 51-200 employees and headquarters in London, while Attio’s careers page states the team is 130+ people across Europe and the US, satisfying the headcount and geography criteria. The company sells CRM software to businesses, confirmed by its website/careers language and PR Newswire describing Attio as an AI-native CRM. GTM motion is clearly confirmed by multiple open roles in demand generation, growth marketing, product marketing, partnerships, sales, account executive, customer success, and solutions engineering."",""recent_signal"":""Hiring: Attio is hiring a Demand Generation Lead in New York to own demand generation strategy, build and scale ABM, and generate qualified pipeline across mid-market and enterprise accounts."",""signal_evidence"":""LinkedIn job posting: 'Demand Generation Lead at Attio' (job URL provided; surfaced as active in August 2026). The posting says the role will 'own Attio’s demand generation strategy,' 'build and scale our ABM programme,' and partner with Sales/SDRs on pipeline goals and handoff. Supporting source: Attio careers page lists the Demand Generation Lead opening plus other GTM roles including Growth Marketing Manager, Product Marketing, GTM Partnerships Lead, Sales Manager, and Account Executive roles."",""why_now"":""Attio raised a $52M Series B on Aug. 26, 2025, bringing total funding to $116M, and said it was on track to 4x ARR that year according to PR Newswire. In that context, the 2026 Demand Generation Lead hire looks timely because the role is explicitly focused on pipeline creation, ABM, and sales handoff for mid-market and enterprise growth. Inference: this suggests Attio is investing in a more scaled and coordinated GTM motion rather than relying only on earlier-stage growth channels."",""likely_gtm_problem"":""Hypothesis: Attio’s most likely near-term GTM problem is scaling repeatable pipeline generation and marketing-to-sales conversion as it expands into a more structured mid-market and enterprise motion. The strongest evidence is the Demand Generation Lead mandate covering ABM, pipeline creation, lead scoring, nurture, and handoff processes; however, this remains an inference rather than a confirmed internal pain point."",""primary_persona"":""VP of Marketing"",""confidence"":""High"",""uncertainty_notes"":""The exact current employee count can vary by source: LinkedIn search results show 51-200 employees, while Attio’s careers page says 130+ team members; both still support ICP fit. The precise headquarters structure could be described as London headquarters with major presence in San Francisco/New York/US operations depending on source wording. The post date on the LinkedIn job was provided in the prompt as 2026-08-10T14:06:57.000Z, while scraped LinkedIn output summarized it only as '2 weeks ago'; the assessment uses the prompt date as the more precise reference. The identified GTM problem and why-now interpretation are hypotheses derived from hiring and funding signals, not confirmed statements from the company. Alternative plausible buyer persona: CRO, given the role’s emphasis on Sales alignment and pipeline goals.""}","{""company_name"":""Attio"",""domain"":""attio.com"",""icp_fit"":""Strong"",""icp_fit_reason"":""Attio appears to fit the ICP on all four criteria with confirmed evidence. LinkedIn shows Attio as a software development company with 51-200 employees and headquarters in London, while Attio’s careers page states the team is 130+ people across Europe and the US, satisfying the headcount and geography criteria. The company sells CRM software to businesses, confirmed by its website/careers language and PR Newswire describing Attio as an AI-native CRM. GTM motion is clearly confirmed by multiple open roles in demand generation, growth marketing, product marketing, partnerships, sales, account executive, customer success, and solutions engineering."",""recent_signal"":""Hiring: Attio is hiring a Demand Generation Lead in New York to own demand generation strategy, build and scale ABM, and generate qualified pipeline across mid-market and enterprise accounts."",""signal_evidence"":""LinkedIn job posting: 'Demand Generation Lead at Attio' (job URL provided; surfaced as active in August 2026). The posting says the role will 'own Attio’s demand generation strategy,' 'build and scale our ABM programme,' and partner with Sales/SDRs on pipeline goals and handoff. Supporting source: Attio careers page lists the Demand Generation Lead opening plus other GTM roles including Growth Marketing Manager, Product Marketing, GTM Partnerships Lead, Sales Manager, and Account Executive roles."",""why_now"":""Attio raised a $52M Series B on Aug. 26, 2025, bringing total funding to $116M, and said it was on track to 4x ARR that year according to PR Newswire. In that context, the 2026 Demand Generation Lead hire looks timely because the role is explicitly focused on pipeline creation, ABM, and sales handoff for mid-market and enterprise growth. Inference: this suggests Attio is investing in a more scaled and coordinated GTM motion rather than relying only on earlier-stage growth channels."",""likely_gtm_problem"":""Hypothesis: Attio’s most likely near-term GTM problem is scaling repeatable pipeline generation and marketing-to-sales conversion as it expands into a more structured mid-market and enterprise motion. The strongest evidence is the Demand Generation Lead mandate covering ABM, pipeline creation, lead scoring, nurture, and handoff processes; however, this remains an inference rather than a confirmed internal pain point."",""primary_persona"":""VP of Marketing"",""confidence"":""High"",""uncertainty_notes"":""The exact current employee count can vary by source: LinkedIn search results show 51-200 employees, while Attio’s careers page says 130+ team members; both still support ICP fit. The precise headquarters structure could be described as London headquarters with major presence in San Francisco/New York/US operations depending on source wording. The post date on the LinkedIn job was provided in the prompt as 2026-08-10T14:06:57.000Z, while scraped LinkedIn output summarized it only as '2 weeks ago'; the assessment uses the prompt date as the more precise reference. The identified GTM problem and why-now interpretation are hypotheses derived from hiring and funding signals, not confirmed statements from the company. Alternative plausible buyer persona: CRO, given the role’s emphasis on Sales alignment and pipeline goals.""}","Strong","Attio appears to fit the ICP on all four criteria with confirmed evidence. LinkedIn shows Attio as a software development company with 51-200 employees and headquarters in London, while Attio’s careers page states the team is 130+ people across Europe and the US, satisfying the headcount and geography criteria. The company sells CRM software to businesses, confirmed by its website/careers language and PR Newswire describing Attio as an AI-native CRM. GTM motion is clearly confirmed by multiple open roles in demand generation, growth marketing, product marketing, partnerships, sales, account executive, customer success, and solutions engineering.","LinkedIn job posting: 'Demand Generation Lead at Attio' (job URL provided; surfaced as active in August 2026). The posting says the role will 'own Attio’s demand generation strategy,' 'build and scale our ABM programme,' and partner with Sales/SDRs on pipeline goals and handoff. Supporting source: Attio careers page lists the Demand Generation Lead opening plus other GTM roles including Growth Marketing Manager, Product Marketing, GTM Partnerships Lead, Sales Manager, and Account Executive roles.","High","The exact current employee count can vary by source: LinkedIn search results show 51-200 employees, while Attio’s careers page says 130+ team members; both still support ICP fit. The precise headquarters structure could be described as London headquarters with major presence in San Francisco/New York/US operations depending on source wording. The post date on the LinkedIn job was provided in the prompt as 2026-08-10T14:06:57.000Z, while scraped LinkedIn output summarized it only as '2 weeks ago'; the assessment uses the prompt date as the more precise reference. The identified GTM problem and why-now interpretation are hypotheses derived from hiring and funding signals, not confirmed statements from the company. Alternative plausible buyer persona: CRO, given the role’s emphasis on Sales alignment and pipeline goals.",40,20,22,10,"✅ 1 Record Returned","Job Title: Demand Generation Lead
Post Date: 2026-08-10T14:06:57.000Z
Job URL: https://www.linkedin.com/jobs/view/demand-generation-lead-at-attio-4451141003","2026-08-10T14:06:57.000Z","Auto-Approved","No manual review required"
"Apollo","apollo.io","Hiring: Apollo's Greenhouse page lists 42 open roles, including Account Executives, BDR, Sales Manager, EMEA Partnerships Lead, Deal Desk Analyst, and multiple marketing roles, indicating active GTM team expansion.","Apollo appears timely for outreach because it is actively scaling its GTM organization across sales, marketing, revenue, and partnerships functions. That level of hiring, combined with the May 2025 announcement of 300 planned hires and $145M+ ARR, suggests the company is managing growth-related complexity across pipeline generation, onboarding, and revenue operations. Inference: rapid GTM hiring often creates pressure on territory design, process standardization, forecasting, and handoffs across teams.","Hypothesis: Apollo's most likely GTM problem is maintaining alignment, process consistency, and pipeline visibility while rapidly expanding its sales and broader GTM organization. The evidence is the breadth of open GTM roles and explicit large-scale hiring plans; however, the exact internal bottleneck is not publicly confirmed.","CRO",92,"P1","Research buyer and prepare personalized outreach","Apollo is the AI GTM System that uniquely combines data, intelligence, and execution in one loop, helping every business find and win their next customer.

Trusted by millions of users and over 600,000 companies worldwide, Apollo pairs one of the industry's largest B2B contact databases with a purpose-built GTM intelligence engine and a full execution stack, all in one system. No more stitching together point solutions or switching between tools that don't talk to each other.

Whether you're prospecting, enriching data, running outbound sequences, or closing your next deal, Apollo gives go-to-market teams everything they need in one place.",,,,,,,"Apollo.io",828,"Software Development","https://www.linkedin.com/company/apolloio","US",,"200M-500M","{""company_name"":""Apollo"",""domain"":""apollo.io"",""icp_fit"":""Strong"",""icp_fit_reason"":""Apollo clearly fits the ICP. Confirmed evidence shows it is a B2B s...","{""company_name"":""Apollo"",""domain"":""apollo.io"",""icp_fit"":""Strong"",""icp_fit_reason"":""Apollo clearly fits the ICP. Confirmed evidence shows it is a B2B software company: its website describes Apollo as an \""AI sales platform\"" for \""sales and marketing teams\"" and LinkedIn describes it as an \""AI GTM System\"" for go-to-market teams. LinkedIn lists 828 employees, placing it within the 50–1,000 employee range, and lists headquarters in San Francisco, California, confirming North American operations. The company also shows a clear GTM motion, with active sales, marketing, revenue, and partnerships hiring on its Greenhouse job board."",""recent_signal"":""Hiring: Apollo's Greenhouse page lists 42 open roles, including Account Executives, BDR, Sales Manager, EMEA Partnerships Lead, Deal Desk Analyst, and multiple marketing roles, indicating active GTM team expansion."",""signal_evidence"":""Greenhouse job board for Apollo.io shows 42 openings, including sales, marketing, revenue, partnerships, and enablement roles: https://job-boards.greenhouse.io/apolloio. PR Newswire (May 14, 2025), \""Apollo.io's AI Platform is Rewriting the Sales Playbook with 500 Percent Growth in 12 Months,\"" states Apollo plans to hire 300 new employees by the end of 2025 across engineering, sales, marketing, and go-to-market teams."",""why_now"":""Apollo appears timely for outreach because it is actively scaling its GTM organization across sales, marketing, revenue, and partnerships functions. That level of hiring, combined with the May 2025 announcement of 300 planned hires and $145M+ ARR, suggests the company is managing growth-related complexity across pipeline generation, onboarding, and revenue operations. Inference: rapid GTM hiring often creates pressure on territory design, process standardization, forecasting, and handoffs across teams."",""likely_gtm_problem"":""Hypothesis: Apollo's most likely GTM problem is maintaining alignment, process consistency, and pipeline visibility while rapidly expanding its sales and broader GTM organization. The evidence is the breadth of open GTM roles and explicit large-scale hiring plans; however, the exact internal bottleneck is not publicly confirmed."",""primary_persona"":""CRO"",""confidence"":""High"",""uncertainty_notes"":""The strongest evidence is from Apollo's website, LinkedIn company profile, Greenhouse job board, and PR Newswire. Funding is confirmed, but the latest major funding event publicly surfaced here is from 2023, so it is not the primary recent signal. The exact GTM pain point is inferred from hiring breadth rather than directly stated by the company. An alternative buyer persona could be Head of RevOps, especially given the Deal Desk Analyst and Business Systems Analyst openings, but the scale and breadth of GTM hiring make CRO the more directly accountable persona for cross-functional revenue execution.""}","{""company_name"":""Apollo"",""domain"":""apollo.io"",""icp_fit"":""Strong"",""icp_fit_reason"":""Apollo clearly fits the ICP. Confirmed evidence shows it is a B2B software company: its website describes Apollo as an \""AI sales platform\"" for \""sales and marketing teams\"" and LinkedIn describes it as an \""AI GTM System\"" for go-to-market teams. LinkedIn lists 828 employees, placing it within the 50–1,000 employee range, and lists headquarters in San Francisco, California, confirming North American operations. The company also shows a clear GTM motion, with active sales, marketing, revenue, and partnerships hiring on its Greenhouse job board."",""recent_signal"":""Hiring: Apollo's Greenhouse page lists 42 open roles, including Account Executives, BDR, Sales Manager, EMEA Partnerships Lead, Deal Desk Analyst, and multiple marketing roles, indicating active GTM team expansion."",""signal_evidence"":""Greenhouse job board for Apollo.io shows 42 openings, including sales, marketing, revenue, partnerships, and enablement roles: https://job-boards.greenhouse.io/apolloio. PR Newswire (May 14, 2025), \""Apollo.io's AI Platform is Rewriting the Sales Playbook with 500 Percent Growth in 12 Months,\"" states Apollo plans to hire 300 new employees by the end of 2025 across engineering, sales, marketing, and go-to-market teams."",""why_now"":""Apollo appears timely for outreach because it is actively scaling its GTM organization across sales, marketing, revenue, and partnerships functions. That level of hiring, combined with the May 2025 announcement of 300 planned hires and $145M+ ARR, suggests the company is managing growth-related complexity across pipeline generation, onboarding, and revenue operations. Inference: rapid GTM hiring often creates pressure on territory design, process standardization, forecasting, and handoffs across teams."",""likely_gtm_problem"":""Hypothesis: Apollo's most likely GTM problem is maintaining alignment, process consistency, and pipeline visibility while rapidly expanding its sales and broader GTM organization. The evidence is the breadth of open GTM roles and explicit large-scale hiring plans; however, the exact internal bottleneck is not publicly confirmed."",""primary_persona"":""CRO"",""confidence"":""High"",""uncertainty_notes"":""The strongest evidence is from Apollo's website, LinkedIn company profile, Greenhouse job board, and PR Newswire. Funding is confirmed, but the latest major funding event publicly surfaced here is from 2023, so it is not the primary recent signal. The exact GTM pain point is inferred from hiring breadth rather than directly stated by the company. An alternative buyer persona could be Head of RevOps, especially given the Deal Desk Analyst and Business Systems Analyst openings, but the scale and breadth of GTM hiring make CRO the more directly accountable persona for cross-functional revenue execution.""}","Strong","Apollo clearly fits the ICP. Confirmed evidence shows it is a B2B software company: its website describes Apollo as an ""AI sales platform"" for ""sales and marketing teams"" and LinkedIn describes it as an ""AI GTM System"" for go-to-market teams. LinkedIn lists 828 employees, placing it within the 50–1,000 employee range, and lists headquarters in San Francisco, California, confirming North American operations. The company also shows a clear GTM motion, with active sales, marketing, revenue, and partnerships hiring on its Greenhouse job board.","Greenhouse job board for Apollo.io shows 42 openings, including sales, marketing, revenue, partnerships, and enablement roles: https://job-boards.greenhouse.io/apolloio. PR Newswire (May 14, 2025), ""Apollo.io's AI Platform is Rewriting the Sales Playbook with 500 Percent Growth in 12 Months,"" states Apollo plans to hire 300 new employees by the end of 2025 across engineering, sales, marketing, and go-to-market teams.","High","The strongest evidence is from Apollo's website, LinkedIn company profile, Greenhouse job board, and PR Newswire. Funding is confirmed, but the latest major funding event publicly surfaced here is from 2023, so it is not the primary recent signal. The exact GTM pain point is inferred from hiring breadth rather than directly stated by the company. An alternative buyer persona could be Head of RevOps, especially given the Deal Desk Analyst and Business Systems Analyst openings, but the scale and breadth of GTM hiring make CRO the more directly accountable persona for cross-functional revenue execution.",40,20,22,10,"✅ 2 Records Returned","Job Title: Go-To-Market Engineer II, Mid-Market
Post Date: 2026-08-10T21:39:01.000Z
Job URL: https://www.linkedin.com/jobs/view/go-to-market-engineer-ii-mid-market-at-apollo-io-4413588764 | Job Title: Go-To-Market Engineer I, SMB
Post Date: 2026-08-05T15:38:48.000Z
Job URL: https://www.linkedin.com/jobs/view/go-to-market-engineer-i-smb-at-apollo-io-4413596537","2026-08-10T21:39:01.000Z","Auto-Approved","No manual review required"
"Usercentrics","usercentrics.com","Hiring: Usercentrics said in a May 13, 2024 press release that it planned to hire 100 employees across departments while continuing 50%+ YoY growth, and its careers page currently shows GTM hiring including RevOps, Account Executive, Enterprise Account Executive, Customer Success, and Product Marketing roles.","The combination of 50%+ expected growth, profitability, and a public plan to add 100 employees suggests Usercentrics is scaling its commercial organization and supporting infrastructure. The active GTM hiring across sales, customer success, marketing, and revenue operations makes this a timely window for outreach because fast growth often increases the need for process consistency, pipeline visibility, and cleaner cross-functional execution. Inference: if these hires are tied to new products and market expansion mentioned in the press release, GTM complexity is likely increasing now rather than later.","Hypothesis: as Usercentrics scales multiple GTM functions in parallel, a likely challenge is maintaining alignment and data/process consistency across Sales, Marketing, Customer Success, and RevOps. The explicit RevOps GTM Engineer opening strengthens the hypothesis that the company may be investing in systems, automation, and reporting to support a more complex revenue motion.","Head of RevOps",82,"P1","Research buyer and prepare personalized outreach","At Usercentrics, we believe that user privacy, consent, and preferences should be at the heart of every digital strategy. By leading the way with Privacy-Led Marketing, we empower businesses with the tools they need to build and maintain trust and transparency while respecting user choices. 

We offer intuitive, customizable consent and preference management solutions for the web, apps, and connected TVs. Trusted by over 500,000 global customers—including Daimler, ING Diba, and Santander—our award-winning, Google-certified platform handles 8.8 billion user consents monthly. With 2.4 million websites and apps in 195 countries relying on our solutions and support from 5,000+ partners, we help brands create deeper connections and change the digital landscape for good. 

With offices in Munich, Lisbon, New York, Prague, Copenhagen, Odense, and Buenos Aires, we’re dedicated to bringing privacy-led solutions to businesses globally. 

Join us in reshaping the digital ecosystem and making privacy a fundamental part of your marketing strategy. 

Visit us at https://usercentrics.com


Legal Notice: https://usercentrics.com/legal-notice/
Privacy Policy: https://usercentrics.com/privacy-policy/
Terms and Conditions: https://usercentrics.com/terms-and-conditions/",,,,,,,"Usercentrics",365,"Software Development","https://www.linkedin.com/company/usercentrics","DE","2017","25M-75M","{""company_name"":""Usercentrics"",""domain"":""usercentrics.com"",""icp_fit"":""Strong"",""icp_fit_reason"":""Confirmed: Usercentrics is a B2B software company offe...","{""company_name"":""Usercentrics"",""domain"":""usercentrics.com"",""icp_fit"":""Strong"",""icp_fit_reason"":""Confirmed: Usercentrics is a B2B software company offering consent management and privacy-led marketing products for websites and apps, per its About page. Confirmed: LinkedIn's company snippet shows 201-500 employees, which fits the 50-1,000 employee ICP range. Confirmed: the company was founded in Munich, Germany and has roles/openings across Munich, Prague, Lisbon, Copenhagen, New York, and Buenos Aires, indicating significant EMEA and some North American operations. Confirmed: current hiring includes Account Executive, Enterprise Account Executive, Customer Success Executive, Product Marketing, and RevOps GTM Engineer roles, which indicates an established GTM motion."",""recent_signal"":""Hiring: Usercentrics said in a May 13, 2024 press release that it planned to hire 100 employees across departments while continuing 50%+ YoY growth, and its careers page currently shows GTM hiring including RevOps, Account Executive, Enterprise Account Executive, Customer Success, and Product Marketing roles."",""signal_evidence"":""Usercentrics press release, \""Usercentrics poised for 50% YoY Growth, Set to Hire 100 New Employees\"" (May 13, 2024); Usercentrics careers page and Workable listings showing roles such as RevOps GTM Engineer, Enterprise Account Executive - MCP Manager, Account Executive - MCP Manager, Customer Success Executive, and Working Student - Product Marketing."",""why_now"":""The combination of 50%+ expected growth, profitability, and a public plan to add 100 employees suggests Usercentrics is scaling its commercial organization and supporting infrastructure. The active GTM hiring across sales, customer success, marketing, and revenue operations makes this a timely window for outreach because fast growth often increases the need for process consistency, pipeline visibility, and cleaner cross-functional execution. Inference: if these hires are tied to new products and market expansion mentioned in the press release, GTM complexity is likely increasing now rather than later."",""likely_gtm_problem"":""Hypothesis: as Usercentrics scales multiple GTM functions in parallel, a likely challenge is maintaining alignment and data/process consistency across Sales, Marketing, Customer Success, and RevOps. The explicit RevOps GTM Engineer opening strengthens the hypothesis that the company may be investing in systems, automation, and reporting to support a more complex revenue motion."",""primary_persona"":""Head of RevOps"",""confidence"":""High"",""uncertainty_notes"":""Employee count was not confirmed on Usercentrics' own website; the 201-500 figure comes from a LinkedIn company snippet surfaced in Google results, so headcount could have changed. I did not confirm exact posting dates for the currently open roles from the job pages themselves. Funding was not used as a core signal because I did not confirm a recent financing event within the last 6-12 months from a primary source. An alternative buyer could be CRO if the core issue is broader revenue alignment rather than systems/process execution, but the strongest direct evidence is the active RevOps hiring.""}","{""company_name"":""Usercentrics"",""domain"":""usercentrics.com"",""icp_fit"":""Strong"",""icp_fit_reason"":""Confirmed: Usercentrics is a B2B software company offering consent management and privacy-led marketing products for websites and apps, per its About page. Confirmed: LinkedIn's company snippet shows 201-500 employees, which fits the 50-1,000 employee ICP range. Confirmed: the company was founded in Munich, Germany and has roles/openings across Munich, Prague, Lisbon, Copenhagen, New York, and Buenos Aires, indicating significant EMEA and some North American operations. Confirmed: current hiring includes Account Executive, Enterprise Account Executive, Customer Success Executive, Product Marketing, and RevOps GTM Engineer roles, which indicates an established GTM motion."",""recent_signal"":""Hiring: Usercentrics said in a May 13, 2024 press release that it planned to hire 100 employees across departments while continuing 50%+ YoY growth, and its careers page currently shows GTM hiring including RevOps, Account Executive, Enterprise Account Executive, Customer Success, and Product Marketing roles."",""signal_evidence"":""Usercentrics press release, \""Usercentrics poised for 50% YoY Growth, Set to Hire 100 New Employees\"" (May 13, 2024); Usercentrics careers page and Workable listings showing roles such as RevOps GTM Engineer, Enterprise Account Executive - MCP Manager, Account Executive - MCP Manager, Customer Success Executive, and Working Student - Product Marketing."",""why_now"":""The combination of 50%+ expected growth, profitability, and a public plan to add 100 employees suggests Usercentrics is scaling its commercial organization and supporting infrastructure. The active GTM hiring across sales, customer success, marketing, and revenue operations makes this a timely window for outreach because fast growth often increases the need for process consistency, pipeline visibility, and cleaner cross-functional execution. Inference: if these hires are tied to new products and market expansion mentioned in the press release, GTM complexity is likely increasing now rather than later."",""likely_gtm_problem"":""Hypothesis: as Usercentrics scales multiple GTM functions in parallel, a likely challenge is maintaining alignment and data/process consistency across Sales, Marketing, Customer Success, and RevOps. The explicit RevOps GTM Engineer opening strengthens the hypothesis that the company may be investing in systems, automation, and reporting to support a more complex revenue motion."",""primary_persona"":""Head of RevOps"",""confidence"":""High"",""uncertainty_notes"":""Employee count was not confirmed on Usercentrics' own website; the 201-500 figure comes from a LinkedIn company snippet surfaced in Google results, so headcount could have changed. I did not confirm exact posting dates for the currently open roles from the job pages themselves. Funding was not used as a core signal because I did not confirm a recent financing event within the last 6-12 months from a primary source. An alternative buyer could be CRO if the core issue is broader revenue alignment rather than systems/process execution, but the strongest direct evidence is the active RevOps hiring.""}","Strong","Confirmed: Usercentrics is a B2B software company offering consent management and privacy-led marketing products for websites and apps, per its About page. Confirmed: LinkedIn's company snippet shows 201-500 employees, which fits the 50-1,000 employee ICP range. Confirmed: the company was founded in Munich, Germany and has roles/openings across Munich, Prague, Lisbon, Copenhagen, New York, and Buenos Aires, indicating significant EMEA and some North American operations. Confirmed: current hiring includes Account Executive, Enterprise Account Executive, Customer Success Executive, Product Marketing, and RevOps GTM Engineer roles, which indicates an established GTM motion.","Usercentrics press release, ""Usercentrics poised for 50% YoY Growth, Set to Hire 100 New Employees"" (May 13, 2024); Usercentrics careers page and Workable listings showing roles such as RevOps GTM Engineer, Enterprise Account Executive - MCP Manager, Account Executive - MCP Manager, Customer Success Executive, and Working Student - Product Marketing.","High","Employee count was not confirmed on Usercentrics' own website; the 201-500 figure comes from a LinkedIn company snippet surfaced in Google results, so headcount could have changed. I did not confirm exact posting dates for the currently open roles from the job pages themselves. Funding was not used as a core signal because I did not confirm a recent financing event within the last 6-12 months from a primary source. An alternative buyer could be CRO if the core issue is broader revenue alignment rather than systems/process execution, but the strongest direct evidence is the active RevOps hiring.",40,20,22,0,"❌ 0 Records Found","No recent GTM job posting signal found in Clay.","","Auto-Approved","No manual review required"